{"reward/rf_loss":0.3389516770839691,"reward/eval_rf_loss":0.30560067296028137,"best_epoch":2905,"train_time":0.0069658756256103516,"_wandb":{"runtime":400},"reward/eval_rf_loss_best":0.3382951021194458,"_runtime":400,"_step":10000,"epoch":10000,"_timestamp":1.7812710922117367e+09}